Modelo,MAPE medio,MAPE mediana,MAPE std,MAPE peor,MAE,RMSE,Fase,vs ingenuo
XGBoost,1.6522220598238442,1.3375540812382036,0.6992663739437863,3.1029695828173716,469.9163392082093,570.3180552531406,Machine learning,56.268582097037
Random Forest,1.8589651182938174,1.4660907747097824,0.977756076095004,3.976742962700641,520.1341218105572,618.0511032492598,Machine learning,52.06606652258853
LightGBM,1.6697037591894464,1.5316453155709533,0.7542192100437674,3.7146247978068434,472.5934813349769,573.1610051932357,Machine learning,49.92275653456706
Ridge,2.553705434463982,1.935754615533361,1.5628705360855786,6.218435489239972,717.3173049791725,837.3167400063213,Machine learning,36.71037662184588
SARIMA clásico,3.951783188616698,2.419308146382384,2.977599541715626,10.288571605644934,1120.1331636282036,1640.800148159,Línea base,20.900562400026775
Ingenuo semanal,3.924138270574661,3.058565547099671,2.6444378117376472,10.348198208739817,1107.5329861111109,1472.829805922864,Línea base,0.0
Ingenuo diario,4.977234498671511,3.2118017901852327,4.566106953470308,15.35850155186044,1386.7413194444446,2190.2868175633903,Línea base,-5.010068959642538
Prophet,4.860631835723045,4.784037803537673,1.275622031676733,7.335626800678251,1369.5716353097796,1719.495532373249,Línea base,-56.41442793580822
SARIMAX + Fourier,5.662411243216087,4.901485179110212,3.183435125373608,13.019099205382036,1564.8673389214073,1982.8446185142377,Línea base,-60.25437753845478
Perfil semanal,8.542152542109276,8.295810678340859,3.3305271200018964,13.600220739110028,2433.5229946145128,2844.905044866184,Línea base,-171.23207106702293
